Adesivo,Preço,Link
Gokusimp,"R$ 4,99",https://www.nerdstickers.com.br/todos/Gokusimp/
Son Goku/Kinto’un,"R$ 2,99",https://www.nerdstickers.com.br/todos/Son-Goku/Kinto’un/
Little Goku JO,"R$ 8,99",https://www.nerdstickers.com.br/todos/Little-Goku-JO/
Saitama Goku,"R$ 2,99",https://www.nerdstickers.com.br/todos/Saitama-Goku/
Kid Gokku AT,"R$ 8,99",https://www.nerdstickers.com.br/todos/Kid-Gokku-AT/
Gotenks Busters,"R$ 4,99",https://www.nerdstickers.com.br/todos/Gotenks-Busters/
Gogeta Blue,"R$ 2,99",https://www.nerdstickers.com.br/todos/Gogeta-Blue/
Gk Drift,"R$ 2,99",https://www.nerdstickers.com.br/todos/Gk-Drift/
Go Beast,"R$ 2,99",https://www.nerdstickers.com.br/todos/Go-Beast/
Namekuzei,"R$ 8,99",https://www.nerdstickers.com.br/todos/Namekuzei/
Boo,"R$ 4,99",https://www.nerdstickers.com.br/todos/Boo/
Genki dama,"R$ 8,99",https://www.nerdstickers.com.br/todos/Genki-dama/
Kyojuro JO,"R$ 4,99",https://www.nerdstickers.com.br/todos/Kyojuro-JO/
Card Son Go,"R$ 6,99",https://www.nerdstickers.com.br/todos/Card-Son-Go/
Card Kami’s Lookout,"R$ 6,99",https://www.nerdstickers.com.br/todos/Card-Kami’s-Lookout/
Vegeta Virus,"R$ 4,99",https://www.nerdstickers.com.br/todos/Vegeta-Virus/
