1,2,3,4,5,6,7,8,9,10,11,12,13,14,15,16,17,18,19,20,21,22,23,24,25,26,27,28,29,30,31,32,33,34,35,36,37,38,39,40,41,42,43,44,45,46,47,48,49,50,51,52,53,54,55,56,57,58,59,60,61,62,63,64,65,66,67,68,69,70,71,72,73,74,75,76,77,78,79,80,81,82,83,84,85,86,87,88,89,90,91,92,93,94,95,96,97,98,99,100,101,102,103,104,105,106,107,108,109,110,111,112,113,114,115,116,117,118,119,120,121,122,123,124,125,126,127,128,129,130,131,132,133,134,135,136,137,138,139,140,141,142,143,144,145,146,147,148,149,150,151,152,153,154,155,156,157,158,159,160,161,162,163,164,165
00:20,00:35,23:36,23:58,00:05,00:05,00:20,00:20,00:25,00:25,00:30,00:30,00:35,00:40,01:15,01:30,02:00,02:00,06:00,06:00,06:30,06:30,07:00,07:00,07:15,07:30,07:30,07:45,08:00,08:30,08:30,08:45,09:00,09:00,09:30,09:30,09:30,09:30,09:45,10:00,10:00,10:00,10:30,10:30,10:45,11:00,11:00,11:30,11:30,11:45,11:45,12:00,12:00,12:30,12:30,12:45,12:59,12:59,13:00,13:00,13:00,13:00,13:00,13:30,13:30,13:44,13:45,14:00,14:00,14:15,14:30,14:30,14:30,14:30,14:45,14:50,14:50,15:30,15:30,15:45,15:45,15:45,16:00,16:00,16:15,16:30,16:30,16:30,16:30,16:45,17:30,17:30,17:30,17:30,17:45,18:00,18:00,18:05,18:05,18:50,18:50,19:50,20:00,20:45,20:45,21:00,21:15,21:45,21:50,21:50,22:00,22:00,22:00,22:00,22:30,22:30,22:30,22:30,22:30,22:30,22:30,22:30,22:30,22:40,22:44,22:45,22:45,22:50,22:50,23:00,23:00,23:00,23:00,23:00,23:00,23:00,23:05,23:10,23:15,23:20,23:20,23:20,23:30,23:30,23:30,23:36,23:40,23:45,23:45,23:45,23:45,23:49,23:50,23:50,23:55,23:57,23:58,23:58,23:58,23:59,23:59,23:59,23:59,23:59,23:59
07:00,06:50,05:46,06:28,06:20,06:35,06:35,07:00,06:55,06:55,06:30,06:30,06:50,06:55,07:30,08:00,08:15,08:15,12:15,12:15,13:00,13:00,13:00,13:00,13:15,13:35,13:35,14:15,14:15,15:00,15:00,15:15,15:30,15:30,15:30,16:01,15:30,16:01,15:47,16:30,16:15,16:30,17:00,17:00,17:30,17:00,17:00,17:45,17:45,18:25,18:15,18:15,18:15,19:00,19:00,19:15,19:29,19:29,19:00,19:30,19:30,19:00,19:00,20:00,20:00,20:14,19:45,20:15,20:15,20:30,21:00,21:00,20:30,20:30,21:15,21:00,21:00,21:35,21:35,22:00,22:00,21:55,22:15,22:15,22:30,22:40,23:00,22:40,23:00,23:15,23:45,23:45,23:30,23:30,00:16,00:15,00:15,00:35,00:35,01:05,01:20,02:20,02:15,03:16,03:16,03:50,03:01,04:15,04:05,04:20,04:30,04:10,04:30,04:00,05:35,04:30,05:20,05:00,05:10,05:35,05:00,04:45,05:20,05:55,05:14,05:15,05:00,05:20,05:20,05:40,05:45,05:00,05:30,05:10,05:40,05:10,05:20,05:40,05:45,05:50,05:35,05:50,06:00,06:00,06:00,05:46,05:55,07:00,06:00,06:15,06:15,06:19,06:20,06:20,06:25,06:12,06:13,06:48,06:28,06:04,06:15,06:29,05:59,06:29,05:59
"Sao Paulo, SP - Barra Funda","Sao Paulo, SP - Tiete","Sao Paulo, SP - Tiete","Sao Paulo, SP - Tiete","Sao Paulo, SP - Tiete","Sao Paulo, SP - Tiete","Sao Paulo, SP - Tiete","Sao Paulo, SP - Barra Funda","Sao Paulo, SP - Tiete","Sao Paulo, SP - Tiete","Sao Paulo, SP - Tiete","Sao Paulo, SP - Tiete","Sao Paulo, SP - Tiete","Sao Paulo, SP - Tiete","Sao Paulo, SP - Tiete","Sao Paulo, SP - Tiete","Sao Paulo, SP - Tiete","Sao Paulo, SP - Tiete","Sao Paulo, SP - Tiete","Sao Paulo, SP - Tiete","Sao Paulo, SP - Tiete","Sao Paulo, SP - Tiete","Sao Paulo, SP - Tiete","Sao Paulo, SP - Tiete","Sao Paulo, SP - Tiete","Sao Paulo, SP - Tiete","Sao Paulo, SP - Tiete","Sao Paulo, SP - Tiete","Sao Paulo, SP - Tiete","Sao Paulo, SP - Tiete","Sao Paulo, SP - Tiete","Sao Paulo, SP - Tiete","Sao Paulo, SP - Tiete","Sao Paulo, SP - Tiete","Sao Paulo, SP - Tiete","Sao Paulo, SP - Tiete","Sao Paulo, SP - Tiete","Sao Paulo, SP - Tiete","Sao Paulo, SP - Tiete","Sao Paulo, SP - Tiete","Sao Paulo, SP - Tiete","Sao Paulo, SP - Tiete","Sao Paulo, SP - Tiete","Sao Paulo, SP - Tiete","Sao Paulo, SP - Tiete","Sao Paulo, SP - Tiete","Sao Paulo, SP - Tiete","Sao Paulo, SP - Tiete","Sao Paulo, SP - Tiete","Sao Paulo, SP - Barra Funda","Sao Paulo, SP - Tiete","Sao Paulo, SP - Tiete","Sao Paulo, SP - Tiete","Sao Paulo, SP - Tiete","Sao Paulo, SP - Tiete","Sao Paulo, SP - Tiete","Sao Paulo, SP - Tiete","Sao Paulo, SP - Tiete","Sao Paulo, SP - Tiete","Sao Paulo, SP - Tiete","Sao Paulo, SP - Tiete","Sao Paulo, SP - Tiete","Sao Paulo, SP - Tiete","Sao Paulo, SP - Tiete","Sao Paulo, SP - Tiete","Sao Paulo, SP - Tiete","Sao Paulo, SP - Tiete","Sao Paulo, SP - Tiete","Sao Paulo, SP - Tiete","Sao Paulo, SP - Tiete","Sao Paulo, SP - Tiete","Sao Paulo, SP - Tiete","Sao Paulo, SP - Tiete","Sao Paulo, SP - Tiete","Sao Paulo, SP - Tiete","Sao Paulo, SP - Barra Funda","Sao Paulo, SP - Barra Funda","Sao Paulo, SP - Tiete","Sao Paulo, SP - Tiete","Sao Paulo, SP - Tiete","Sao Paulo, SP - Tiete","Sao Paulo, SP - Tiete","Sao Paulo, SP - Tiete","Sao Paulo, SP - Tiete","Sao Paulo, SP - Tiete","Sao Paulo, SP - Tiete","Sao Paulo, SP - Tiete","Sao Paulo, SP - Tiete","Sao Paulo, SP - Tiete","Sao Paulo, SP - Tiete","Sao Paulo, SP - Tiete","Sao Paulo, SP - Tiete","Sao Paulo, SP - Tiete","Sao Paulo, SP - Tiete","Sao Paulo, SP - Tiete","Sao Paulo, SP - Tiete","Sao Paulo, SP - Tiete","Sao Paulo, SP - Tiete","Sao Paulo, SP - Tiete","Sao Paulo, SP - Tiete","Sao Paulo, SP - Tiete","Sao Paulo, SP - Tiete","Sao Paulo, SP - Tiete","Sao Paulo, SP - Tiete","Sao Paulo, SP - Tiete","Sao Paulo, SP - Barra Funda","Sao Paulo, SP - Tiete","Sao Paulo, SP - Tiete","Sao Paulo, SP - Tiete","Sao Paulo, SP - Tiete","Sao Paulo, SP - Tiete","Sao Paulo, SP - Tiete","Sao Paulo, SP - Tiete","Sao Paulo, SP - Tiete","Sao Paulo, SP - Barra Funda","Sao Paulo, SP - Tiete","Sao Paulo, SP - Barra Funda","Sao Paulo, SP - Tiete","Sao Paulo, SP - Barra Funda","Sao Paulo, SP - Barra Funda","Sao Paulo, SP - Tiete","Sao Paulo, SP - Tiete","Sao Paulo, SP - Barra Funda","Sao Paulo, SP - Tiete","Sao Paulo, SP - Tiete","Sao Paulo, SP - Barra Funda","Sao Paulo, SP - Tiete","Sao Paulo, SP - Barra Funda","Sao Paulo, SP - Barra Funda","Sao Paulo, SP - Barra Funda","Sao Paulo, SP - Barra Funda, Externo - Entrada 8","Sao Paulo, SP - Tiete","Sao Paulo, SP - Tiete","Sao Paulo, SP - Tiete","Sao Paulo, SP - Barra Funda","Sao Paulo, SP - Tiete","Sao Paulo, SP - Tiete","Sao Paulo, SP - Tiete","Sao Paulo, SP - Tiete","Sao Paulo, SP - Tiete","Sao Paulo, SP - Tiete","Sao Paulo, SP - Tiete","Sao Paulo, SP - Tiete","Sao Paulo, SP - Tiete","Sao Paulo, SP - Tiete","Sao Paulo, SP - Tiete","Sao Paulo, SP - Tiete","Sao Paulo, SP - Tiete","Sao Paulo, SP - Tiete","Sao Paulo, SP - Tiete","Sao Paulo, SP - Barra Funda","Sao Paulo, SP - Tiete","Sao Paulo, SP - Tiete","Sao Paulo, SP - Tiete","Sao Paulo, SP - Tiete","Sao Paulo, SP - Tiete","Sao Paulo, SP - Tiete","Sao Paulo, SP - Tiete","Sao Paulo, SP - Tiete","Sao Paulo, SP - Tiete","Sao Paulo, SP - Tiete","Sao Paulo, SP - Barra Funda","Sao Paulo, SP - Tiete","Sao Paulo, SP - Barra Funda","Sao Paulo, SP - Tiete"
"Rio de Janeiro, RJ - Rodov. do Rio","Rio de Janeiro, RJ - Rodov. do Rio","Rio de Janeiro, RJ - Campo Grande","Rio de Janeiro, RJ - Campo Grande","Rio de Janeiro, RJ - Rodov. do Rio","Rio de Janeiro, RJ - Rodov. do Rio","Rio de Janeiro, RJ - Rodov. do Rio","Rio de Janeiro, RJ - Rodov. do Rio","Rio de Janeiro, RJ - Rodov. do Rio","Rio de Janeiro, RJ - Rodov. do Rio","Rio de Janeiro, RJ - Rodov. do Rio","Rio de Janeiro, RJ - Rodov. do Rio","Rio de Janeiro, RJ - Rodov. do Rio","Rio de Janeiro, RJ - Rodov. do Rio","Rio de Janeiro, RJ - Rodov. do Rio","Rio de Janeiro, RJ - Rodov. do Rio","Rio de Janeiro, RJ - Rodov. do Rio","Rio de Janeiro, RJ - Rodov. do Rio","Rio de Janeiro, RJ - Rodov. do Rio","Rio de Janeiro, RJ - Rodov. do Rio","Rio de Janeiro, RJ - Rodov. do Rio","Rio de Janeiro, RJ - Rodov. do Rio","Rio de Janeiro, RJ - Rodov. do Rio","Rio de Janeiro, RJ - Rodov. do Rio","Rio de Janeiro, RJ - Rodov. do Rio","Rio de Janeiro, RJ - Rodov. do Rio","Rio de Janeiro, RJ - Rodov. do Rio","Rio de Janeiro, RJ - Rodov. do Rio","Rio de Janeiro, RJ - Rodov. do Rio","Rio de Janeiro, RJ - Rodov. do Rio","Rio de Janeiro, RJ - Rodov. do Rio","Rio de Janeiro, RJ - Rodov. do Rio","Rio de Janeiro, RJ - Rodov. do Rio","Rio de Janeiro, RJ - Rodov. do Rio","Rio de Janeiro, RJ - Rodov. do Rio","Rio de Janeiro, RJ - Rodov. do Rio","Rio de Janeiro, RJ - Rodov. do Rio","Rio de Janeiro, RJ - Rodov. do Rio","Rio de Janeiro, RJ - Rodov. do Rio","Rio de Janeiro, RJ - Campo Grande","Rio de Janeiro, RJ - Rodov. do Rio","Rio de Janeiro, RJ - Campo Grande","Rio de Janeiro, RJ - Rodov. do Rio","Rio de Janeiro, RJ - Rodov. do Rio","Rio de Janeiro, RJ - Rodov. do Rio","Rio de Janeiro, RJ - Rodov. do Rio","Rio de Janeiro, RJ - Rodov. do Rio","Rio de Janeiro, RJ - Rodov. do Rio","Rio de Janeiro, RJ - Rodov. do Rio","Rio de Janeiro, RJ - Barra da Tijuca - Shopping Uptown","Rio de Janeiro, RJ - Rodov. do Rio","Rio de Janeiro, RJ - Rodov. do Rio","Rio de Janeiro, RJ - Rodov. do Rio","Rio de Janeiro, RJ - Rodov. do Rio","Rio de Janeiro, RJ - Rodov. do Rio","Rio de Janeiro, RJ - Rodov. do Rio","Rio de Janeiro, RJ - Campo Grande","Rio de Janeiro, RJ - Campo Grande","Rio de Janeiro, RJ - Rodov. do Rio","Rio de Janeiro, RJ - Rodov. do Rio","Rio de Janeiro, RJ - Rodov. do Rio","Rio de Janeiro, RJ - Rodov. do Rio","Rio de Janeiro, RJ - Rodov. do Rio","Rio de Janeiro, RJ - Rodov. do Rio","Rio de Janeiro, RJ - Rodov. do Rio","Rio de Janeiro, RJ - Rodov. do Rio","Rio de Janeiro, RJ - Rodov. do Rio","Rio de Janeiro, RJ - Rodov. do Rio","Rio de Janeiro, RJ - Rodov. do Rio","Rio de Janeiro, RJ - Rodov. do Rio","Rio de Janeiro, RJ - Rodov. do Rio","Rio de Janeiro, RJ - Rodov. do Rio","Rio de Janeiro, RJ - Rodov. do Rio","Rio de Janeiro, RJ - Rodov. do Rio","Rio de Janeiro, RJ - Rodov. do Rio","Rio de Janeiro, RJ - Rodov. do Rio","Rio de Janeiro, RJ - Rodov. do Rio","Rio de Janeiro, RJ - Rodov. do Rio","Rio de Janeiro, RJ - Rodov. do Rio","Rio de Janeiro, RJ - Rodov. do Rio","Rio de Janeiro, RJ - Rodov. do Rio","Rio de Janeiro, RJ - Rodov. do Rio","Rio de Janeiro, RJ - Rodov. do Rio","Rio de Janeiro, RJ - Rodov. do Rio","Rio de Janeiro, RJ - Rodov. do Rio","Rio de Janeiro, RJ - Campo Grande","Rio de Janeiro, RJ - Rodov. do Rio","Rio de Janeiro, RJ - Campo Grande","Rio de Janeiro, RJ - Rodov. do Rio","Rio de Janeiro, RJ - Rodov. do Rio","Rio de Janeiro, RJ - Rodov. do Rio","Rio de Janeiro, RJ - Rodov. do Rio","Rio de Janeiro, RJ - Rodov. do Rio","Rio de Janeiro, RJ - Rodov. do Rio","Rio de Janeiro, RJ - Rodov. do Rio","Rio de Janeiro, RJ - Rodov. do Rio","Rio de Janeiro, RJ - Rodov. do Rio","Rio de Janeiro, RJ - Rodov. do Rio","Rio de Janeiro, RJ - Rodov. do Rio","Rio de Janeiro, RJ - Rodov. do Rio","Rio de Janeiro, RJ - Rodov. do Rio","Rio de Janeiro, RJ - Rodov. do Rio","Rio de Janeiro, RJ - Rodov. do Rio","Rio de Janeiro, RJ - Rodov. do Rio","Rio de Janeiro, RJ - Rodov. do Rio","Rio de Janeiro, RJ - Rodov. do Rio","Rio de Janeiro, RJ - Rodov. do Rio","Rio de Janeiro, RJ - Rodov. do Rio","Rio de Janeiro, RJ - Rodov. do Rio","Rio de Janeiro, RJ - Rodov. do Rio","Rio de Janeiro, RJ - Rodov. do Rio","Rio de Janeiro, RJ - Rodov. do Rio","Rio de Janeiro, RJ - Rodov. do Rio","Rio de Janeiro, RJ - Rodov. do Rio","Rio de Janeiro, RJ - Shopping Bossa Nova","Rio de Janeiro, RJ - Rodov. do Rio","Rio de Janeiro, RJ - Rodov. do Rio","Rio de Janeiro, RJ - Rodov. do Rio","Rio de Janeiro, RJ - Barra da Tijuca - Shopping Uptown","Rio de Janeiro, RJ - Shopping Bossa Nova","Rio de Janeiro, RJ - Rodov. do Rio","Rio de Janeiro, RJ - Rodov. do Rio","Rio de Janeiro, RJ - Rodov. do Rio","Rio de Janeiro, RJ - Barra da Tijuca - Parque das Rosas","Rio de Janeiro, RJ - Rodov. do Rio","Rio de Janeiro, RJ - Rodov. do Rio","Rio de Janeiro, RJ - Rodov. do Rio","Rio de Janeiro, RJ - Rodov. do Rio","Rio de Janeiro, RJ - Rodov. do Rio","Rio de Janeiro, RJ - Barra da Tijuca - Shopping Uptown","Rio de Janeiro, RJ - Rodov. do Rio","Rio de Janeiro, RJ - Rodov. do Rio","Rio de Janeiro, RJ - Rodov. do Rio","Rio de Janeiro, RJ - Rodov. do Rio","Rio de Janeiro, RJ - Barra da Tijuca - Shopping Uptown","Rio de Janeiro, RJ - Rodov. do Rio","Rio de Janeiro, RJ - Rodov. do Rio","Rio de Janeiro, RJ - Rodov. do Rio","Rio de Janeiro, RJ - Rodov. do Rio","Rio de Janeiro, RJ - Rodov. do Rio","Rio de Janeiro, RJ - Rodov. do Rio","Rio de Janeiro, RJ - Rodov. do Rio","Rio de Janeiro, RJ - Rodov. do Rio","Rio de Janeiro, RJ - Rodov. do Rio","Rio de Janeiro, RJ - Rodov. do Rio","Rio de Janeiro, RJ - Campo Grande","Rio de Janeiro, RJ - Rodov. do Rio","Rio de Janeiro, RJ - Barra da Tijuca - Parque das Rosas","Rio de Janeiro, RJ - Rodov. do Rio","Rio de Janeiro, RJ - Rodov. do Rio","Rio de Janeiro, RJ - Rodov. do Rio","Rio de Janeiro, RJ - Rodov. do Rio","Rio de Janeiro, RJ - Rodov. do Rio","Rio de Janeiro, RJ - Rodov. do Rio","Rio de Janeiro, RJ - Rodov. do Rio","Rio de Janeiro, RJ - Rodov. do Rio","Rio de Janeiro, RJ - Rodov. do Rio","Rio de Janeiro, RJ - Rodov. do Rio","Rio de Janeiro, RJ - Campo Grande","Rio de Janeiro, RJ - Rodov. do Rio","Rio de Janeiro, RJ - Rodov. do Rio","Rio de Janeiro, RJ - Rodov. do Rio","Rio de Janeiro, RJ - Rodov. do Rio","Rio de Janeiro, RJ - Rodov. do Rio","Rio de Janeiro, RJ - Rodov. do Rio"
6h 40m,6h 15m,6h 10m,6h 30m,6h 15m,6h 30m,6h 15m,6h 40m,6h 30m,6h 30m,6h 0m,6h 0m,6h 15m,6h 15m,6h 15m,6h 30m,6h 15m,6h 15m,6h 15m,6h 15m,6h 30m,6h 30m,6h 0m,6h 0m,6h 0m,6h 5m,6h 5m,6h 30m,6h 15m,6h 30m,6h 30m,6h 30m,6h 30m,6h 30m,6h 0m,6h 31m,6h 0m,6h 31m,6h 2m,6h 30m,6h 15m,6h 30m,6h 30m,6h 30m,6h 45m,6h 0m,6h 0m,6h 15m,6h 15m,6h 40m,6h 30m,6h 15m,6h 15m,6h 30m,6h 30m,6h 30m,6h 30m,6h 30m,6h 0m,6h 30m,6h 30m,6h 0m,6h 0m,6h 30m,6h 30m,6h 30m,6h 0m,6h 15m,6h 15m,6h 15m,6h 30m,6h 30m,6h 0m,6h 0m,6h 30m,6h 10m,6h 10m,6h 5m,6h 5m,6h 15m,6h 15m,6h 10m,6h 15m,6h 15m,6h 15m,6h 10m,6h 30m,6h 10m,6h 30m,6h 30m,6h 15m,6h 15m,6h 0m,6h 0m,6h 31m,6h 15m,6h 15m,6h 30m,6h 30m,6h 15m,6h 30m,6h 30m,6h 15m,6h 31m,6h 31m,6h 50m,5h 46m,6h 30m,6h 15m,1d 6h 30m,6h 30m,6h 10m,6h 30m,6h 0m,7h 5m,6h 0m,6h 50m,6h 30m,6h 40m,7h 5m,6h 30m,6h 15m,6h 50m,7h 15m,6h 30m,6h 30m,6h 15m,6h 30m,6h 30m,6h 40m,6h 45m,6h 0m,6h 30m,6h 10m,6h 40m,6h 10m,6h 15m,6h 30m,6h 30m,6h 30m,6h 15m,6h 30m,6h 30m,6h 30m,6h 30m,6h 10m,6h 15m,7h 15m,6h 15m,6h 30m,6h 30m,6h 30m,6h 30m,6h 30m,6h 30m,6h 15m,6h 15m,6h 50m,6h 30m,6h 5m,6h 16m,6h 30m,6h 0m,6h 30m,6h 0m
Convencional - DD,Semileito - DD,"Semileito - DD
11 disponíveis",Semileito - DD,Semileito - DD,Semileito - DD,"Leito
12 disponíveis","Leito
3 disponíveis","Leito-Cama
4 disponíveis",Semileito - DD,"Cama
4 disponíveis",Semileito,"Leito-Cama
5 disponíveis","Leito
8 disponíveis",Semileito,Executivo,Semileito - DD,"Leito-Cama
6 disponíveis",Semileito - DD,"Leito - Cama DD
1 disponíveis","Leito-Cama
3 disponíveis",Semileito - DD,"Cama
5 disponíveis",Semileito,Conv - PLUS,"Cama - Direto
4 disponíveis",Semileito - Direto,Convencional,Convencional - DD,Executivo - DD,"Leito-Cama
3 disponíveis",Executivo,"Semileito - DD
8 disponíveis",Executivo - DD,Semileito,Executivo - DD,"Cama
6 disponíveis","Semileito - DD
8 disponíveis",Semileito,"Leito-Cama
4 disponíveis",Leito,Executivo - DD,"Leito-Cama
7 disponíveis",Executivo - DD,Executivo,Leito,"Leito - Individual
10 disponíveis","Leito-Cama
5 disponíveis",Semileito - DD,Leito,Semileito,Convencional - DD,"Leito - Cama DD
4 disponíveis","Leito-Cama
6 disponíveis",Executivo - DD,Executivo,"Leito-Cama
7 disponíveis",Convencional - DD,Semileito,Executivo - DD,"Semileito - DD
14 disponíveis",Conv - PLUS,"Cama
6 disponíveis","Leito-Cama
5 disponíveis",Semileito - DD,Executivo,Semileito,"Leito - Cama DD
6 disponíveis",Semileito - DD,Leito,"Leito-Cama
4 disponíveis",Semileito - DD,Semileito,"Cama
7 disponíveis",Executivo,"Leito
5 disponíveis",Convencional - DD,Semileito - Direto,"Cama - Direto
5 disponíveis",Executivo - DD,"Leito-Cama
2 disponíveis",Convencional,"Leito - Cama DD
6 disponíveis",Semileito - DD,Executivo,"Leito-Cama
5 disponíveis","Leito-Cama
7 disponíveis",Executivo - DD,Semileito - DD,Executivo,Semileito - DD,"Leito-Cama
3 disponíveis","Cama
3 disponíveis",Semileito,Executivo,Semileito - DD,"Leito - Cama DD
5 disponíveis",Semileito - DD,"Leito-Cama
3 disponíveis",Convencional,Executivo,Executivo,Executivo,Convencional - DD,"Semileito - DD
8 disponíveis","Semileito
10 disponíveis",Executivo,Executivo,Semileito - DD,"Semileito - DD
6 disponíveis","Leito-Cama
5 disponíveis",Convencional,Semileito - DD,"Cama
4 disponíveis","Leito
1 disponíveis",Semileito,"Executivo
1 disponíveis","Leito-Cama
1 disponíveis","Leito
8 disponíveis","Executivo
1 disponíveis",Executivo - DD,Semileito,"Leito
1 disponíveis",Semileito - DD,Semileito,"Semileito
8 disponíveis",Semileito,Convencional - DD,"Leito
3 disponíveis","Leito
3 disponíveis",Semileito,Conv - PLUS,Semileito - DD,Semileito,"Executivo
1 disponíveis","Cama
1 disponíveis","Semileito - DD
10 disponíveis",Semileito - DD,Executivo,Semileito - DD,Leito,"Leito-Cama
8 disponíveis",Semileito - DD,Semileito,"Cama
1 disponíveis",Executivo - DD,Semileito - DD,Semileito,Semileito,Executivo,"Leito
6 disponíveis",Executivo,"Semileito - DD
3 disponíveis","Executivo - DD
13 disponíveis",Semileito - DD,Semileito,"Semileito - DD
8 disponíveis",Executivo,"Leito-Cama
4 disponíveis",Semileito - Direto,Conv - PLUS,Convencional - DD,Leito,"Leito
2 disponíveis","Leito - Individual
6 disponíveis"
"R$139,99 - R$111,90","R$159,99 - R$127,90","R$149,99 - R$119,90","R$149,99 - R$119,90","R$139,98","R$159,99 - R$139,99","R$159,98","R$229,99","R$269,99","R$159,99 - R$139,99","R$233,59","R$126,08","R$269,99","R$159,98","R$139,98","R$129,99","R$159,99 - R$139,99","R$269,99","R$139,98","R$239,98","R$239,99","R$159,99 - R$139,99","R$241,09","R$97,09","R$95,00","R$219,99","R$149,99","R$124,99","R$124,99","R$129,99","R$239,99","R$129,99","R$149,99 - R$119,99","R$99,99","R$85,59","R$129,99","R$241,09","R$159,99 - R$139,99","R$159,99 - R$139,99","R$219,99","R$139,98","R$129,99","R$219,99","R$129,99","R$129,99","R$133,90","R$147,88","R$219,99","R$159,99 - R$139,99","R$153,27","R$159,99 - R$139,99","R$124,99","R$219,98","R$219,99","R$129,99","R$129,99","R$199,99","R$129,99","R$90,71","R$99,99","R$149,99 - R$109,99","R$99,00","R$225,51","R$219,99","R$159,99 - R$139,99","R$129,99","R$159,99 - R$139,99","R$219,98","R$139,98","R$139,98","R$239,99","R$159,99 - R$139,99","R$125,92","R$247,36","R$129,99","R$209,99","R$129,99","R$149,99","R$219,99","R$129,99","R$219,99","R$117,95","R$219,98","R$139,98","R$129,99","R$199,99","R$219,99","R$129,99","R$159,99 - R$139,99","R$129,99","R$159,99 - R$139,99","R$239,99","R$250,07","R$124,58","R$129,99","R$139,98","R$269,98","R$159,99 - R$139,99","R$269,99","R$124,99","R$129,99","R$129,99","R$129,99","R$124,99","R$159,99 - R$139,99","R$117,16","R$129,99","R$129,99","R$139,98","R$149,99 - R$119,99","R$269,99","R$116,45","R$159,99 - R$139,99","R$262,09","R$152,53","R$119,58","R$119,90","R$289,99","R$173,27","R$115,90","R$129,99","R$139,98","R$152,53","R$115,89","R$159,99 - R$139,99","R$137,01","R$139,99","R$139,99","R$229,99","R$193,27","R$99,89","R$105,00","R$159,99 - R$139,99","R$130,71","R$115,90","R$377,29","R$139,98","R$159,99 - R$139,99","R$129,99","R$159,99 - R$139,99","R$149,98","R$269,99","R$159,99 - R$139,99","R$130,91","R$381,17","R$129,99","R$139,98","R$109,91","R$124,58","R$129,99","R$183,27","R$129,99","R$149,99 - R$129,99","R$109,99","R$159,99 - R$139,99","R$139,98","R$145,00","R$129,99","R$249,99","R$149,99","R$99,00","R$129,99","R$149,90","R$229,99","R$155,40"
