1,2,3,4,5,6,7,8,9,10,11,12,13,14,15,16,17,18,19,20,21,22,23,24,25,26,27,28,29,30,31,32,33,34,35,36,37,38,39,40,41,42,43,44,45,46,47,48,49,50,51,52,53,54,55,56,57,58,59,60,61,62,63,64,65,66,67,68,69,70,71,72,73,74,75,76,77,78,79,80,81,82,83,84,85,86,87,88,89,90,91,92,93,94,95,96,97,98,99,100,101,102,103,104,105,106,107,108,109,110,111,112,113,114,115,116,117,118,119,120,121,122,123,124,125,126,127,128,129,130,131,132,133,134,135,136,137,138
17:45,18:30,19:55,21:45,00:25,00:25,05:45,05:45,06:30,06:30,07:00,07:00,07:10,07:10,07:40,07:40,08:15,08:15,08:30,08:30,08:30,08:50,08:50,08:50,09:00,09:00,09:15,09:15,09:15,09:30,09:30,09:30,09:35,09:35,09:35,10:00,10:00,10:00,10:15,10:15,10:15,10:15,10:15,10:35,10:35,10:45,10:45,10:45,11:10,11:10,11:10,11:20,11:20,11:45,11:45,11:45,12:00,12:00,12:10,12:10,12:10,12:30,12:30,12:50,12:50,12:50,13:00,13:00,13:10,13:10,13:30,13:30,13:35,13:35,13:50,13:50,14:15,14:15,14:50,14:50,15:00,15:00,15:15,15:15,15:30,15:30,16:10,16:10,16:15,16:15,16:30,16:30,16:30,16:30,16:45,16:45,17:00,17:00,17:00,17:00,17:10,17:10,17:20,17:20,17:45,17:50,17:50,18:10,18:10,18:30,18:40,18:40,19:00,19:00,19:10,19:10,19:10,19:10,19:40,19:40,19:40,19:40,19:55,20:15,20:15,20:30,20:30,21:15,21:15,21:30,21:30,21:45,22:30,22:30,23:00,23:00,23:45,23:45
18:55,19:40,21:55,22:55,02:05,01:35,06:55,07:35,07:40,08:10,08:10,08:40,08:20,09:00,08:50,09:20,09:55,09:25,10:20,09:40,10:30,11:55,11:25,10:30,10:10,10:40,11:15,11:05,10:25,11:10,12:00,11:50,10:30,11:55,11:25,11:10,11:50,12:00,12:05,12:35,12:45,11:55,11:25,11:45,12:15,11:55,12:45,12:35,14:15,12:50,13:45,12:30,13:10,14:15,13:45,12:50,13:40,13:10,13:20,14:00,14:10,14:10,13:40,14:50,14:00,14:40,14:10,15:10,14:20,15:00,15:40,15:00,15:15,14:45,15:40,15:00,15:25,16:05,16:30,16:00,16:10,16:50,16:25,17:05,17:10,16:40,17:50,17:20,18:05,17:25,18:50,17:40,18:10,18:10,18:35,17:55,18:40,18:10,18:10,18:50,18:20,19:00,18:30,19:00,19:25,19:40,19:00,20:00,19:20,20:10,19:50,20:30,20:40,20:10,20:20,21:00,21:15,21:55,20:50,21:30,21:10,21:30,21:15,21:25,22:05,21:40,22:00,23:05,22:25,22:40,23:20,23:25,00:10,23:40,00:10,00:40,00:55,01:35
"Sao Paulo, SP - Jabaquara","Sao Paulo, SP - Jabaquara","Sao Paulo, SP - Jabaquara","Sao Paulo, SP - Jabaquara","Sao Paulo, SP - Jabaquara","Sao Paulo, SP - Jabaquara","Sao Paulo, SP - Jabaquara","Sao Paulo, SP - Jabaquara","Sao Paulo, SP - Jabaquara","Sao Paulo, SP - Jabaquara","Sao Paulo, SP - Jabaquara","Sao Paulo, SP - Jabaquara","Sao Paulo, SP - Jabaquara","Sao Paulo, SP - Jabaquara","Sao Paulo, SP - Jabaquara","Sao Paulo, SP - Jabaquara","Sao Paulo, SP - Jabaquara","Sao Paulo, SP - Jabaquara","Sao Paulo, SP - Jabaquara","Sao Paulo, SP - Jabaquara","Sao Paulo, SP - Jabaquara","Sao Paulo, SP - Aeroporto de Congonhas","Sao Paulo, SP - Aeroporto de Congonhas","Sao Paulo, SP - Aeroporto de Congonhas","Sao Paulo, SP - Jabaquara","Sao Paulo, SP - Jabaquara","Sao Paulo, SP - Jabaquara","Sao Paulo, SP - Jabaquara","Sao Paulo, SP - Jabaquara","Sao Paulo, SP - Aeroporto de Congonhas","Sao Paulo, SP - Aeroporto de Congonhas","Sao Paulo, SP - Aeroporto de Congonhas","Sao Paulo, SP - Jabaquara","Sao Paulo, SP - Jabaquara","Sao Paulo, SP - Jabaquara","Sao Paulo, SP - Jabaquara","Sao Paulo, SP - Jabaquara","Sao Paulo, SP - Jabaquara","Sao Paulo, SP - Jabaquara","Sao Paulo, SP - Aeroporto de Congonhas","Sao Paulo, SP - Aeroporto de Congonhas","Sao Paulo, SP - Aeroporto de Congonhas","Sao Paulo, SP - Jabaquara","Sao Paulo, SP - Jabaquara","Sao Paulo, SP - Jabaquara","Sao Paulo, SP - Jabaquara","Sao Paulo, SP - Jabaquara","Sao Paulo, SP - Jabaquara","Sao Paulo, SP - Aeroporto de Congonhas","Sao Paulo, SP - Aeroporto de Congonhas","Sao Paulo, SP - Aeroporto de Congonhas","Sao Paulo, SP - Jabaquara","Sao Paulo, SP - Jabaquara","Sao Paulo, SP - Jabaquara","Sao Paulo, SP - Jabaquara","Sao Paulo, SP - Jabaquara","Sao Paulo, SP - Jabaquara","Sao Paulo, SP - Jabaquara","Sao Paulo, SP - Jabaquara","Sao Paulo, SP - Jabaquara","Sao Paulo, SP - Jabaquara","Sao Paulo, SP - Jabaquara","Sao Paulo, SP - Jabaquara","Sao Paulo, SP - Jabaquara","Sao Paulo, SP - Jabaquara","Sao Paulo, SP - Jabaquara","Sao Paulo, SP - Jabaquara","Sao Paulo, SP - Jabaquara","Sao Paulo, SP - Jabaquara","Sao Paulo, SP - Jabaquara","Sao Paulo, SP - Aeroporto de Congonhas","Sao Paulo, SP - Aeroporto de Congonhas","Sao Paulo, SP - Jabaquara","Sao Paulo, SP - Jabaquara","Sao Paulo, SP - Jabaquara","Sao Paulo, SP - Jabaquara","Sao Paulo, SP - Jabaquara","Sao Paulo, SP - Jabaquara","Sao Paulo, SP - Jabaquara","Sao Paulo, SP - Jabaquara","Sao Paulo, SP - Jabaquara","Sao Paulo, SP - Jabaquara","Sao Paulo, SP - Jabaquara","Sao Paulo, SP - Jabaquara","Sao Paulo, SP - Jabaquara","Sao Paulo, SP - Jabaquara","Sao Paulo, SP - Jabaquara","Sao Paulo, SP - Jabaquara","Sao Paulo, SP - Jabaquara","Sao Paulo, SP - Jabaquara","Sao Paulo, SP - Aeroporto de Congonhas","Sao Paulo, SP - Jabaquara","Sao Paulo, SP - Aeroporto de Congonhas","Sao Paulo, SP - Jabaquara","Sao Paulo, SP - Jabaquara","Sao Paulo, SP - Jabaquara","Sao Paulo, SP - Jabaquara","Sao Paulo, SP - Jabaquara","Sao Paulo, SP - Jabaquara","Sao Paulo, SP - Jabaquara","Sao Paulo, SP - Jabaquara","Sao Paulo, SP - Jabaquara","Sao Paulo, SP - Jabaquara","Sao Paulo, SP - Jabaquara","Sao Paulo, SP - Jabaquara","Sao Paulo, SP - Jabaquara","Sao Paulo, SP - Jabaquara","Sao Paulo, SP - Jabaquara","Sao Paulo, SP - Jabaquara","Sao Paulo, SP - Jabaquara","Sao Paulo, SP - Jabaquara","Sao Paulo, SP - Jabaquara","Sao Paulo, SP - Jabaquara","Sao Paulo, SP - Jabaquara","Sao Paulo, SP - Jabaquara","Sao Paulo, SP - Jabaquara","Sao Paulo, SP - Aeroporto de Congonhas","Sao Paulo, SP - Aeroporto de Congonhas","Sao Paulo, SP - Jabaquara","Sao Paulo, SP - Jabaquara","Sao Paulo, SP - Jabaquara","Sao Paulo, SP - Jabaquara","Sao Paulo, SP - Jabaquara","Sao Paulo, SP - Jabaquara","Sao Paulo, SP - Jabaquara","Sao Paulo, SP - Jabaquara","Sao Paulo, SP - Jabaquara","Sao Paulo, SP - Jabaquara","Sao Paulo, SP - Jabaquara","Sao Paulo, SP - Jabaquara","Sao Paulo, SP - Jabaquara","Sao Paulo, SP - Jabaquara","Sao Paulo, SP - Jabaquara","Sao Paulo, SP - Jabaquara","Sao Paulo, SP - Jabaquara","Sao Paulo, SP - Jabaquara","Sao Paulo, SP - Jabaquara","Sao Paulo, SP - Jabaquara"
"Santos, SP - Rodoviaria","Santos, SP - Rodoviaria","Santos, SP - Ponta da Praia","Santos, SP - Rodoviaria","Santos, SP - Jose Menino","Santos, SP - Rodoviaria","Santos, SP - Rodoviaria","Santos, SP - Ponta da Praia","Santos, SP - Rodoviaria","Santos, SP - Jose Menino","Santos, SP - Rodoviaria","Santos, SP - Jose Menino","Santos, SP - Rodoviaria","Santos, SP - Ponta da Praia","Santos, SP - Rodoviaria","Santos, SP - Jose Menino","Santos, SP - Jose Menino","Santos, SP - Rodoviaria","Santos, SP - Ponta da Praia","Santos, SP - Rodoviaria","Santos, SP - Porto de Santos","Santos, SP - Porto de Santos","Santos, SP - Ponta da Praia","Santos, SP - Rodoviaria","Santos, SP - Rodoviaria","Santos, SP - Jose Menino","Santos, SP - Porto de Santos","Santos, SP - Ponta da Praia","Santos, SP - Rodoviaria","Santos, SP - Rodoviaria","Santos, SP - Porto de Santos","Santos, SP - Ponta da Praia","Santos, SP - Rodoviaria","Santos, SP - Porto de Santos","Santos, SP - Ponta da Praia","Santos, SP - Rodoviaria","Santos, SP - Ponta da Praia","Santos, SP - Porto de Santos","Santos, SP - Ponta da Praia","Santos, SP - Ponta da Praia","Santos, SP - Porto de Santos","Santos, SP - Rodoviaria","Santos, SP - Rodoviaria","Santos, SP - Rodoviaria","Santos, SP - Jose Menino","Santos, SP - Rodoviaria","Santos, SP - Porto de Santos","Santos, SP - Ponta da Praia","Santos, SP - Porto de Santos","Santos, SP - Rodoviaria","Santos, SP - Ponta da Praia","Santos, SP - Rodoviaria","Santos, SP - Ponta da Praia","Santos, SP - Porto de Santos","Santos, SP - Ponta da Praia","Santos, SP - Rodoviaria","Santos, SP - Jose Menino","Santos, SP - Rodoviaria","Santos, SP - Rodoviaria","Santos, SP - Ponta da Praia","Santos, SP - Porto de Santos","Santos, SP - Jose Menino","Santos, SP - Rodoviaria","Santos, SP - Porto de Santos","Santos, SP - Rodoviaria","Santos, SP - Ponta da Praia","Santos, SP - Rodoviaria","Santos, SP - Jose Menino","Santos, SP - Rodoviaria","Santos, SP - Ponta da Praia","Santos, SP - Ponta da Praia","Santos, SP - Rodoviaria","Santos, SP - Jose Menino","Santos, SP - Rodoviaria","Santos, SP - Ponta da Praia","Santos, SP - Rodoviaria","Santos, SP - Rodoviaria","Santos, SP - Ponta da Praia","Santos, SP - Jose Menino","Santos, SP - Rodoviaria","Santos, SP - Rodoviaria","Santos, SP - Ponta da Praia","Santos, SP - Rodoviaria","Santos, SP - Ponta da Praia","Santos, SP - Jose Menino","Santos, SP - Rodoviaria","Santos, SP - Jose Menino","Santos, SP - Rodoviaria","Santos, SP - Ponta da Praia","Santos, SP - Rodoviaria","Santos, SP - Ponta da Praia","Santos, SP - Rodoviaria","Santos, SP - Rodoviaria","Santos, SP - Jose Menino","Santos, SP - Ponta da Praia","Santos, SP - Rodoviaria","Santos, SP - Jose Menino","Santos, SP - Rodoviaria","Santos, SP - Rodoviaria","Santos, SP - Ponta da Praia","Santos, SP - Rodoviaria","Santos, SP - Ponta da Praia","Santos, SP - Rodoviaria","Santos, SP - Jose Menino","Santos, SP - Jose Menino","Santos, SP - Ponta da Praia","Santos, SP - Rodoviaria","Santos, SP - Ponta da Praia","Santos, SP - Rodoviaria","Santos, SP - Jose Menino","Santos, SP - Rodoviaria","Santos, SP - Ponta da Praia","Santos, SP - Jose Menino","Santos, SP - Rodoviaria","Santos, SP - Rodoviaria","Santos, SP - Ponta da Praia","Santos, SP - Rodoviaria","Santos, SP - Ponta da Praia","Santos, SP - Rodoviaria","Santos, SP - Jose Menino","Santos, SP - Rodoviaria","Santos, SP - Ponta da Praia","Santos, SP - Rodoviaria","Santos, SP - Rodoviaria","Santos, SP - Ponta da Praia","Santos, SP - Rodoviaria","Santos, SP - Jose Menino","Santos, SP - Ponta da Praia","Santos, SP - Rodoviaria","Santos, SP - Rodoviaria","Santos, SP - Ponta da Praia","Santos, SP - Jose Menino","Santos, SP - Jose Menino","Santos, SP - Rodoviaria","Santos, SP - Rodoviaria","Santos, SP - Jose Menino","Santos, SP - Rodoviaria","Santos, SP - Ponta da Praia"
1h 10m,1h 10m,2h 0m,1h 10m,1h 40m,1h 10m,1h 10m,1h 50m,1h 10m,1h 40m,1h 10m,1h 40m,1h 10m,1h 50m,1h 10m,1h 40m,1h 40m,1h 10m,1h 50m,1h 10m,2h 0m,3h 5m,2h 35m,1h 40m,1h 10m,1h 40m,2h 0m,1h 50m,1h 10m,1h 40m,2h 30m,2h 20m,0h 55m,2h 20m,1h 50m,1h 10m,1h 50m,2h 0m,1h 50m,2h 20m,2h 30m,1h 40m,1h 10m,1h 10m,1h 40m,1h 10m,2h 0m,1h 50m,3h 5m,1h 40m,2h 35m,1h 10m,1h 50m,2h 30m,2h 0m,1h 5m,1h 40m,1h 10m,1h 10m,1h 50m,2h 0m,1h 40m,1h 10m,2h 0m,1h 10m,1h 50m,1h 10m,2h 10m,1h 10m,1h 50m,2h 10m,1h 30m,1h 40m,1h 10m,1h 50m,1h 10m,1h 10m,1h 50m,1h 40m,1h 10m,1h 10m,1h 50m,1h 10m,1h 50m,1h 40m,1h 10m,1h 40m,1h 10m,1h 50m,1h 10m,2h 20m,1h 10m,1h 40m,1h 40m,1h 50m,1h 10m,1h 40m,1h 10m,1h 10m,1h 50m,1h 10m,1h 50m,1h 10m,1h 40m,1h 40m,1h 50m,1h 10m,1h 50m,1h 10m,1h 40m,1h 10m,1h 50m,1h 40m,1h 10m,1h 10m,1h 50m,2h 5m,2h 45m,1h 10m,1h 50m,1h 30m,1h 50m,1h 20m,1h 10m,1h 50m,1h 10m,1h 30m,1h 50m,1h 10m,1h 10m,1h 50m,1h 40m,1h 40m,1h 10m,1h 10m,1h 40m,1h 10m,1h 50m
Litoraneo,Litoraneo,Litoraneo,Litoraneo,Litoraneo,Litoraneo,Litoraneo,Litoraneo,Litoraneo,Litoraneo,Litoraneo,Litoraneo,Litoraneo,Litoraneo,Litoraneo,Litoraneo,Litoraneo,Litoraneo,"Litoraneo
7 disponíveis","Litoraneo
7 disponíveis","Litoraneo
7 disponíveis","Litoraneo
13 disponíveis","Litoraneo
13 disponíveis","Litoraneo
13 disponíveis",Litoraneo,Litoraneo,Litoraneo,Litoraneo,Litoraneo,Litoraneo,Litoraneo,Litoraneo,"Litoraneo
13 disponíveis","Litoraneo
13 disponíveis","Litoraneo
13 disponíveis",Litoraneo,Litoraneo,Litoraneo,Litoraneo,Litoraneo,Litoraneo,Litoraneo,Litoraneo,Litoraneo,Litoraneo,Litoraneo,Litoraneo,Litoraneo,Litoraneo,Litoraneo,Litoraneo,Litoraneo,Litoraneo,Litoraneo,Litoraneo,Litoraneo,Litoraneo,Litoraneo,Litoraneo,Litoraneo,Litoraneo,Litoraneo,Litoraneo,Litoraneo,Litoraneo,Litoraneo,Litoraneo,Litoraneo,Litoraneo,Litoraneo,Litoraneo,Litoraneo,Litoraneo,Litoraneo,Litoraneo,Litoraneo,Litoraneo,Litoraneo,Litoraneo,Litoraneo,Litoraneo,Litoraneo,Litoraneo,Litoraneo,Litoraneo,Litoraneo,Litoraneo,Litoraneo,Litoraneo,Litoraneo,Litoraneo,Litoraneo,Litoraneo,Litoraneo,Litoraneo,Litoraneo,Litoraneo,Litoraneo,Litoraneo,Litoraneo,Litoraneo,Litoraneo,Litoraneo,Litoraneo,Litoraneo,Litoraneo,Litoraneo,Litoraneo,Litoraneo,Litoraneo,Litoraneo,Litoraneo,Litoraneo,Litoraneo,Litoraneo,Litoraneo,Litoraneo,Litoraneo,Litoraneo,Litoraneo,Litoraneo,Litoraneo,Litoraneo,Litoraneo,Litoraneo,Litoraneo,Litoraneo,Litoraneo,Litoraneo,Litoraneo,Litoraneo,Litoraneo,Litoraneo,Litoraneo,Litoraneo,Litoraneo,Litoraneo,Litoraneo
"R$32,40 - R$25,90","R$32,40 - R$25,90","R$32,40 - R$25,90","R$32,40 - R$25,90","R$32,40","R$32,40","R$32,40","R$32,40","R$32,40","R$32,40","R$32,40","R$32,40","R$32,40","R$32,40","R$32,40","R$32,40","R$32,40","R$32,40","R$32,40","R$32,40","R$32,40","R$29,30","R$29,30","R$29,30","R$32,40","R$32,40","R$32,40","R$32,40","R$32,40","R$29,30","R$29,30","R$29,30","R$32,40","R$32,40","R$32,40","R$32,40","R$32,40","R$32,40","R$32,40","R$29,30","R$29,30","R$29,30","R$32,40","R$32,40","R$32,40","R$32,40","R$32,40","R$32,40","R$29,30","R$29,30","R$29,30","R$32,40","R$32,40","R$32,40","R$32,40","R$32,40","R$32,40","R$32,40","R$32,40","R$32,40","R$32,40","R$32,40","R$32,40","R$32,40","R$32,40","R$32,40","R$32,40","R$32,40","R$32,40","R$32,40","R$29,30","R$29,30","R$32,40","R$32,40","R$32,40","R$32,40","R$32,40","R$32,40","R$32,40","R$32,40","R$32,40","R$32,40","R$32,40","R$32,40","R$32,40","R$32,40","R$32,40","R$32,40","R$32,40","R$32,40","R$29,30","R$32,40","R$29,30","R$32,40","R$32,40","R$32,40","R$32,40","R$32,40","R$32,40","R$32,40","R$32,40","R$32,40","R$32,40","R$32,40","R$32,40","R$32,40","R$32,40","R$32,40","R$32,40","R$32,40","R$32,40","R$32,40","R$32,40","R$32,40","R$32,40","R$32,40","R$29,30","R$29,30","R$32,40","R$32,40","R$32,40","R$32,40","R$32,40","R$32,40","R$32,40","R$32,40","R$32,40","R$32,40","R$32,40","R$32,40","R$32,40","R$32,40","R$32,40","R$32,40","R$32,40","R$32,40","R$32,40","R$32,40"
